Name:string,Age:int,Salary:double
"wQlMVJKJBXDFOTkV",1311420262,3.779016204957122E289
"OrNXpZioQPK",-547477755,6.395414667682921E264
"VHGvZ",1670605994,3.9393526377687716E97
"K",643375782,5.4077963285534306E103
"ZYiEGhcZAYxNl",1352346846,1.8288195169786857E130